{"graph": {"_type": "graph-file", "path": "media/graph/graph_summary_09f908b0.graph.json", "sha256": "09f908b05947fbba81d4d10faa2ab7ba477a6e0681e1f25b3dbf1a1c275aab2d", "size": 792}, "epoch": 2, "loss": 1.003499984741211, "accuracy": 0.7263411283493042, "val_loss": 1.1135669946670532, "val_accuracy": 0.6921610236167908, "_runtime": 119, "_timestamp": 1619846394, "_step": 2, "best_val_loss": 1.1135669946670532, "best_epoch": 2}