{"graph": {"_type": "graph-file", "path": "media/graph/graph_summary_09f908b0.graph.json", "sha256": "09f908b05947fbba81d4d10faa2ab7ba477a6e0681e1f25b3dbf1a1c275aab2d", "size": 792}, "epoch": 2, "loss": 1.001436471939087, "accuracy": 0.7261292338371277, "val_loss": 1.1072317361831665, "val_accuracy": 0.6899491548538208, "_runtime": 153, "_timestamp": 1619850418, "_step": 2, "best_val_loss": 1.1072317361831665, "best_epoch": 2}